benchmark_provider,benchmark_model,price_per_million,response_id,response_provider,response_model,prompt,citation_url,citation_title,citation_rank,function_tags,stance_tags,provenance_tags,input_tokens,output_tokens,total_tokens,estimated_cost,influence_summary
google,gemini-2.5-flash,0.3,275,anthropic,claude-sonnet-4-5-20250929,Find me the latest details on the Steam Frame,https://en.wikipedia.org/wiki/Steam_Frame,Steam Frame - Wikipedia,3,evidence;elaboration;solution_or_answer,supports,reference,1243,36,1927,0.0005781,"A Wikipedia article provides the foundational details, confirming Steam Frame as an upcoming standalone VR headset developed by Valve and its November 2025 announcement."
google,gemini-2.5-flash,0.3,275,anthropic,claude-sonnet-4-5-20250929,Find me the latest details on the Steam Frame,https://www.uploadvr.com/valve-steam-frame-official-announcement-features-details/,"Valve Officially Announces Steam Frame, A ""Streaming-First"" Standalone VR Headset",7,evidence;solution_or_answer,supports,news,1257,32,1650,0.000495,"A news report confirms Valve's official announcement of the Steam Frame, detailing its 'streaming-first' nature and 'early 2026' launch."
google,gemini-2.5-flash,0.3,275,anthropic,claude-sonnet-4-5-20250929,Find me the latest details on the Steam Frame,https://www.gamespot.com/articles/steam-frame-release-date-price-specs-everything-we-know/1100-6536287/,"Steam Frame Release Date Window, Possible Price, Specs, And Everything We Know About Valve's Next-Gen VR Headset - GameSpot",8,solution_or_answer;evidence,supports,news,1300,32,1749,0.0005246999999999999,"A news report confirms Valve's promise that the new VR headset is set to launch in early 2026, specifically constraining the release to Q1."
google,gemini-2.5-flash,0.3,274,google,gemini-3-pro-preview,Find me the latest details on the Steam Frame,https://www.gamespot.com/articles/steam-frame-release-date-price-specs-everything-we-know/1100-6536287/,gamespot.com,1,background;elaboration,supports,news,1524,29,1852,0.0005556000000000001,"A news report provides the background information that Valve officially revealed the Steam Frame, a standalone VR headset, in November 2025."
google,gemini-2.5-flash,0.3,274,google,gemini-3-pro-preview,Find me the latest details on the Steam Frame,https://www.tomshardware.com/peripherals/gaming-headsets/hands-on-with-valves-new-steam-frame-headset-arm-powered-mixed-mode-device-uses-new-fex-translation-layer-for-traditional-x86-games,tomshardware.com,10,elaboration;solution_or_answer,supports,news,1560,33,2054,0.0006161999999999999,"A news report confirms the Steam Frame's design as a ""streaming-first"" device, bridging high-end PC VR and standalone convenience."
google,gemini-2.5-flash,0.3,274,google,gemini-3-pro-preview,Find me the latest details on the Steam Frame,https://en.wikipedia.org/wiki/Steam_Frame,wikipedia.org,2,solution_or_answer;evidence,supports,reference,1458,32,1802,0.0005406,An encyclopedic entry confirms that the price for the Steam Frame has not yet been officially announced.
google,gemini-2.5-flash,0.3,274,google,gemini-3-pro-preview,Find me the latest details on the Steam Frame,https://www.pcgamer.com/hardware/vr-hardware/steam-frame-specs-availability/,pcgamer.com,5,elaboration;solution_or_answer,supports,news,1495,62,1890,0.000567,"A news report confirms the Steam Frame's primary focus is wireless PC streaming, elaborating on its ""streaming-first"" design despite native game capability."
google,gemini-2.5-flash,0.3,274,google,gemini-3-pro-preview,Find me the latest details on the Steam Frame,https://store.steampowered.com/sale/steamframe,steampowered.com,11,evidence;elaboration,supports,official,1520,29,2003,0.0006009,"An official product page directly defines ""Foveated Streaming"" as a feature that uses eye-tracking to optimize wireless VR visuals by prioritizing clarity where the user looks."
google,gemini-2.5-flash,0.3,274,google,gemini-3-pro-preview,Find me the latest details on the Steam Frame,https://www.ign.com/articles/valve-heads-into-vr-headset-hardware-once-again-with-steam-frame-the-big-interview,ign.com,7,evidence,supports,news,1517,25,2132,0.0006396,"A news report provides direct evidence for the Steam Frame's supported refresh rates, including 72Hz, 120Hz, and an experimental 144Hz mode."
google,gemini-2.5-flash,0.3,273,openai,gpt-5.1,Find me the latest details on the Steam Frame,https://en.wikipedia.org/wiki/Steam_Frame?utm_source=openai,Steam Frame,10,elaboration;solution_or_answer,supports,reference,2833,62,3730,0.001119,"A Wikipedia article provides details confirming the Steam Frame's capability to wirelessly stream PC games from a gaming PC, Steam Deck, or the new Steam Machine."
google,gemini-2.5-flash,0.3,273,openai,gpt-5.1,Find me the latest details on the Steam Frame,https://arstechnica.com/gaming/2025/11/valve-rejoins-the-vr-hardware-wars-with-standalone-steam-frame/?utm_source=openai,Valve rejoins the VR hardware wars with standalone Steam Frame - Ars Technica,9,evidence;elaboration;limitation_or_risk,supports,news,2920,68,3846,0.0011538,"A news report provides evidence for the Steam Frame's limitation of only supporting wireless PC streaming, with no wired connection announced."
google,gemini-2.5-flash,0.3,273,openai,gpt-5.1,Find me the latest details on the Steam Frame,https://www.gematsu.com/2025/11/valve-announces-steam-machine-steam-frame-and-steam-controller?utm_source=openai,"Valve announces Steam Machine, Steam Frame, and Steam Controller - Gematsu",11,evidence;background;solution_or_answer,supports,news,2909,35,3398,0.0010194,"A news report confirms the Steam Frame was announced on November 12, 2025, alongside the new Steam Machine and Steam Controller."
google,gemini-2.5-flash,0.3,273,openai,gpt-5.1,Find me the latest details on the Steam Frame,https://steamdb.info/blog/steam-hardware-2025/?utm_source=openai,"Valve announces three new Steam Hardware devices: Steam Machine, Steam Frame, and Steam Controller · SteamDB",12,evidence;elaboration,supports,blog,2861,29,3639,0.0010917000000000001,A blog post from SteamDB provides evidence that Valve aims to price the Steam Frame below the original Valve Index.
google,gemini-2.5-flash,0.3,273,openai,gpt-5.1,Find me the latest details on the Steam Frame,https://play.asia/blog/2025/11/13/the-steam-hardware-family-expands-valve-announces-frame-machine-and-controller-for-early-2026-release/?utm_source=openai,"The Steam Hardware Family Expands: Valve Announces Frame, Machine, and Controller For Early 2026 Release",15,elaboration;evidence,supports,blog,2970,29,3442,0.0010325999999999998,"A blog post confirms the existence of a ""Steam Frame Verified"" program, which will label games running well standalone on the headset."
google,gemini-2.5-flash,0.3,273,openai,gpt-5.1,Find me the latest details on the Steam Frame,https://www.windowscentral.com/hardware/virtual-reality/valve-announce-steam-frame-snapdragon-xr-headset-steam-os-arm-support?utm_source=openai,Valve lays the foundations for an Arm-based gaming handheld future with first Snapdragon-powered SteamOS VR headset | Windows Central,5,evidence;elaboration,supports,news,2932,29,3333,0.0009999,"A news report from Windows Central provides details on the Steam Frame's audio features, specifically its dual speakers and dual-mic array."
google,gemini-2.5-flash,0.3,273,openai,gpt-5.1,Find me the latest details on the Steam Frame,https://gameinformer.com/2025/11/12/valve-announces-console-like-steam-machine-steam-frame-vr-headset-and-new-steam?utm_source=openai,"Valve Announces Console-Like Steam Machine, Steam Frame VR Headset, And New Steam Controller - Game Informer",13,elaboration,supports,news,2952,26,3248,0.0009743999999999999,"A news report details Valve's pitched use cases for the Steam Frame, including playing flat, non-VR Steam games on a giant virtual screen via streaming or standalone."
google,gemini-2.5-flash,0.3,273,openai,gpt-5.1,Find me the latest details on the Steam Frame,https://www.tomsguide.com/computing/vr-ar/confirmed-steam-frame-will-lack-this-apple-vision-pro-and-meta-quest-feature-at-launch-valve-says-its-on-our-list?utm_source=openai,Confirmed: Steam Frame will lack this Apple Vision Pro and Meta Quest feature at launch - Valve says it's 'on our list',8,limitation_or_risk,supports,news,2990,30,3412,0.0010236,"A news report confirms that the Steam Frame will not support automatic stereoscopic 3D for flat content at launch, citing Valve's statement on the feature."
google,gemini-2.5-flash,0.3,272,anthropic,claude-sonnet-4-5-20250929,Find me the latest details on the Steam Frame,https://www.gamespot.com/articles/steam-frame-release-date-price-specs-everything-we-know/1100-6536287/,"Steam Frame Release Date Window, Possible Price, Specs, And Everything We Know About Valve's Next-Gen VR Headset - GameSpot",1,solution_or_answer;evidence,supports,news,1269,32,1676,0.0005028,"A news report provides the specific release window for the Steam Frame, stating it will be available in Q1 2026."
google,gemini-2.5-flash,0.3,272,anthropic,claude-sonnet-4-5-20250929,Find me the latest details on the Steam Frame,https://www.uploadvr.com/valve-steam-frame-official-announcement-features-details/,"Valve Officially Announces Steam Frame, A ""Streaming-First"" Standalone VR Headset",3,solution_or_answer;evidence,supports,news,1278,61,2036,0.0006108,"A news report confirms Valve's official announcement of the Steam Frame, detailing its ""streaming-first"" nature and early 2026 launch."
google,gemini-2.5-flash,0.3,272,anthropic,claude-sonnet-4-5-20250929,Find me the latest details on the Steam Frame,https://vr-compare.com/headset/steamframe,Steam Frame: Full Specification - VRcompare,9,evidence,supports,reference,1268,25,1694,0.0005082,"A VR comparison website provides the specific technical specifications for the Steam Frame's processor, field of view, display resolution, and refresh rate."
google,gemini-2.5-flash,0.3,272,anthropic,claude-sonnet-4-5-20250929,Find me the latest details on the Steam Frame,https://en.wikipedia.org/wiki/Steam_Frame,Steam Frame - Wikipedia,4,evidence,supports,reference,1284,25,1574,0.0004722,"A Wikipedia article provides specific details regarding the Steam Frame's processor, memory, and storage configurations."
google,gemini-2.5-flash,0.3,272,anthropic,claude-sonnet-4-5-20250929,Find me the latest details on the Steam Frame,https://www.pcgamer.com/hardware/vr-hardware/steam-frame-specs-availability/,Valve announces the Steam Frame: 'a new way to play your entire Steam library' | PC Gamer,2,evidence;elaboration,supports,news,1256,29,1997,0.0005991,"A news report directly quotes a Valve designer, providing evidence that the Steam Frame is considered a ""streaming first headset""."
google,gemini-2.5-flash,0.3,272,anthropic,claude-sonnet-4-5-20250929,Find me the latest details on the Steam Frame,https://www.pcguide.com/vr/steam-frame-release-date-specs-price/,"Steam Frame VR headset release date window, specs, and price estimate - PC Guide",8,solution_or_answer;evidence,supports,news,1274,32,1700,0.00051,"A news report confirms the Steam Frame will be cheaper than the Valve Index, providing direct evidence for this pricing detail."
google,gemini-2.5-flash,0.3,271,google,gemini-3-pro-preview,Find me the latest details on the Steam Frame,https://www.youtube.com/watch?v=2UK6VDUOtXo,youtube.com,1,evidence;elaboration;solution_or_answer,supports,official,1463,67,2937,0.0008811,An official video announcement directly states that the Steam Frame is Valve's new standalone virtual reality headset.
google,gemini-2.5-flash,0.3,271,google,gemini-3-pro-preview,Find me the latest details on the Steam Frame,https://en.wikipedia.org/wiki/Steam_Frame,wikipedia.org,3,evidence,supports,reference,1458,25,1696,0.0005088,The Wikipedia article provides the specific details regarding the Steam Frame's processor and its ARM64 architecture.
google,gemini-2.5-flash,0.3,271,google,gemini-3-pro-preview,Find me the latest details on the Steam Frame,https://store.steampowered.com/sale/steamframe,steampowered.com,5,evidence;elaboration;solution_or_answer,supports,official,1471,67,1715,0.0005145,"The official documentation provides direct evidence for the Steam Frame's display specifications, including its dual LCD panels and pancake lenses."
google,gemini-2.5-flash,0.3,271,google,gemini-3-pro-preview,Find me the latest details on the Steam Frame,https://www.cnet.com/tech/gaming/i-tried-valves-steam-frame-machine-and-controller-coming-in-2026-steam-os-is-coming-for-your-face-and-tv/,cnet.com,4,evidence;solution_or_answer,supports,news,1521,61,2287,0.0006861,"The news report directly states Valve's marketing approach, confirming their intent to position the Steam Frame as a device for an entire game library."
google,gemini-2.5-flash,0.3,270,openai,gpt-5.1,Find me the latest details on the Steam Frame,https://en.wikipedia.org/wiki/Steam_Frame?utm_source=openai,Steam Frame,3,evidence;elaboration;solution_or_answer,supports,reference,3179,67,3467,0.0010401,"The Wikipedia article provides foundational details and specifications, serving as a primary reference and evidence for the model's various claims about the Steam Frame."
google,gemini-2.5-flash,0.3,270,openai,gpt-5.1,Find me the latest details on the Steam Frame,https://www.digitaltrends.com/gaming/valves-steam-frame-is-an-all-in-one-headset-for-vr-pc-games-and-streaming/?utm_source=openai,"Valve’s Steam Frame is an all-in one headset for VR, PC games, and streaming - Digital Trends",4,evidence;solution_or_answer,supports,news,3285,32,3679,0.0011037,A news report confirms that Valve has not announced the Steam Frame's price but indicated it would be cheaper than the Index.
google,gemini-2.5-flash,0.3,270,openai,gpt-5.1,Find me the latest details on the Steam Frame,https://arstechnica.com/gaming/2025/11/valve-rejoins-the-vr-hardware-wars-with-standalone-steam-frame/?utm_source=openai,Valve rejoins the VR hardware wars with standalone Steam Frame - Ars Technica,2,evidence,supports,news,3267,25,3607,0.0010821,A news report provides evidence for the specific technical specifications and design features listed as key traits of the Steam Frame.
google,gemini-2.5-flash,0.3,270,openai,gpt-5.1,Find me the latest details on the Steam Frame,https://gameinformer.com/2025/11/12/valve-announces-console-like-steam-machine-steam-frame-vr-headset-and-new-steam?utm_source=openai,"Valve Announces Console-Like Steam Machine, Steam Frame VR Headset, And New Steam Controller - Game Informer",5,elaboration,supports,news,3298,26,3669,0.0011007,"A news report elaborates on the Steam Frame's optimized wireless PC streaming, detailing its ""Foveated Streaming"" feature that prioritizes visual detail."
google,gemini-2.5-flash,0.3,270,openai,gpt-5.1,Find me the latest details on the Steam Frame,https://www.timesofgames.com/news/steam-frame-pc-gaming-arm/?utm_source=openai,"ARM Gaming Is the Future, Thanks to the Steam Frame",6,evidence,supports,news,3212,25,3895,0.0011685,A news report indicates that Android apps and games can run natively on the Steam Frame through an Android compatibility layer.
google,gemini-2.5-flash,0.3,270,openai,gpt-5.1,Find me the latest details on the Steam Frame,https://www.tomsguide.com/computing/vr-ar/confirmed-steam-frame-will-lack-this-apple-vision-pro-and-meta-quest-feature-at-launch-valve-says-its-on-our-list?utm_source=openai,Confirmed: Steam Frame will lack this Apple Vision Pro and Meta Quest feature at launch - Valve says it's 'on our list',1,limitation_or_risk,supports,news,3337,57,3677,0.0011030999999999999,"A news report confirms that stereoscopic 3D conversion of 2D content will not be supported at launch, highlighting a known limitation of the Steam Frame."
google,gemini-2.5-flash,0.3,269,anthropic,claude-sonnet-4-5-20250929,Find me the latest details on the Steam Frame,https://en.wikipedia.org/wiki/Steam_Frame,Steam Frame - Wikipedia,3,evidence;solution_or_answer,supports,reference,1241,32,1668,0.0005004,"A Wikipedia entry directly states that Steam Frame is an upcoming standalone VR headset developed by Valve Corporation, announced in November 2025."
google,gemini-2.5-flash,0.3,269,anthropic,claude-sonnet-4-5-20250929,Find me the latest details on the Steam Frame,https://www.uploadvr.com/valve-steam-frame-official-announcement-features-details/,"Valve Officially Announces Steam Frame, A ""Streaming-First"" Standalone VR Headset",7,solution_or_answer;evidence,supports,news,1255,32,1629,0.0004887,"A news report confirms Valve's official announcement of the Steam Frame, detailing its 'streaming-first' nature and 'early 2026' launch."
google,gemini-2.5-flash,0.3,269,anthropic,claude-sonnet-4-5-20250929,Find me the latest details on the Steam Frame,https://vr-compare.com/headset/steamframe,Steam Frame: Full Specification - VRcompare,6,evidence,supports,reference,1261,25,1645,0.0004935,"A VR comparison website provides the specific technical specifications for the Steam Frame, including its processor, field of view, display resolution, and refresh rate."
google,gemini-2.5-flash,0.3,269,anthropic,claude-sonnet-4-5-20250929,Find me the latest details on the Steam Frame,https://www.gamespot.com/articles/steam-frame-release-date-price-specs-everything-we-know/1100-6536287/,"Steam Frame Release Date Window, Possible Price, Specs, And Everything We Know About Valve's Next-Gen VR Headset - GameSpot",8,evidence,supports,news,1298,25,1802,0.0005406,"A news report provides direct evidence from Valve, clarifying that the Steam Frame's launch is constrained to Q1 2026."
google,gemini-2.5-flash,0.3,269,anthropic,claude-sonnet-4-5-20250929,Find me the latest details on the Steam Frame,https://www.uploadvr.com/valve-steam-frame-content-no-divide/,Valve: 'We See The Lines Between VR & Non-VR Content Really Being Blurred',2,elaboration,supports,news,1247,26,1897,0.0005691,The news report directly provides the statement about expecting a review of the Steam Frame in 2026.
google,gemini-2.5-flash,0.3,268,google,gemini-3-pro-preview,Find me the latest details on the Steam Frame,https://www.techradar.com/tech/steam-frame-official-7-things-you-need-to-know-about-valves-quest-3-rival,techradar.com,1,evidence;solution_or_answer,supports,news,1600,32,2195,0.0006585,"A news report directly confirms the official announcement date of the Steam Frame by Valve as November 12, 2025, and its entry into the standalone VR market."
google,gemini-2.5-flash,0.3,268,google,gemini-3-pro-preview,Find me the latest details on the Steam Frame,https://www.pcgamer.com/hardware/vr-hardware/steam-frame-specs-availability/,pcgamer.com,2,elaboration;solution_or_answer,supports,news,1602,62,2132,0.0006396,"A news report confirms the Steam Frame's design as a streaming-first headset that plays native games, succeeding the Valve Index without base stations or a tether."
google,gemini-2.5-flash,0.3,268,google,gemini-3-pro-preview,Find me the latest details on the Steam Frame,https://en.wikipedia.org/wiki/Steam_Frame,wikipedia.org,5,evidence;solution_or_answer,supports,reference,1553,32,1982,0.0005946,"The Wikipedia article provides direct evidence, confirming that the Steam Frame will be available in two storage variants: 256GB and 1TB."
google,gemini-2.5-flash,0.3,268,google,gemini-3-pro-preview,Find me the latest details on the Steam Frame,https://www.ign.com/articles/valve-announces-steam-frame-its-next-gen-vr-headset,ign.com,4,evidence;elaboration;solution_or_answer,supports,news,1583,36,2078,0.0006234,A news report provides evidence for the Steam Frame's streaming-first focus by detailing its dedicated 6GHz Wi-Fi 7 wireless adapter.
google,gemini-2.5-flash,0.3,268,google,gemini-3-pro-preview,Find me the latest details on the Steam Frame,https://www.cnet.com/tech/gaming/i-tried-valves-steam-frame-machine-and-controller-coming-in-2026-steam-os-is-coming-for-your-face-and-tv/,cnet.com,6,evidence;elaboration;cause_or_reason,supports,news,1628,36,2051,0.0006152999999999999,"A news report provides evidence that the dedicated Wi-Fi 7 adapter creates a direct, low-latency link for streaming the Steam library without clogging home Wi-Fi."
google,gemini-2.5-flash,0.3,268,google,gemini-3-pro-preview,Find me the latest details on the Steam Frame,https://store.steampowered.com/sale/steamframe,steampowered.com,7,evidence;elaboration,supports,official,1558,29,1903,0.0005708999999999999,"An official product page confirms the Steam Frame features custom ""pancake"" lenses, providing edge-to-edge sharpness and a slimmer profile."
google,gemini-2.5-flash,0.3,268,google,gemini-3-pro-preview,Find me the latest details on the Steam Frame,https://www.roadtovr.com/valve-steam-frame-stereoscopic-3d-support-flat-games-spatial-video/,roadtovr.com,8,evidence;elaboration;limitation_or_risk,supports,news,1672,37,2047,0.0006141,"A news report clarifies Valve's statement that the Steam Frame will not support stereoscopic 3D conversion for flat games at launch, though it is planned for future updates."
google,gemini-2.5-flash,0.3,267,google,gemini-3-pro-preview,Find me the latest details on the Steam Frame,https://www.cnet.com/tech/gaming/i-tried-valves-steam-frame-machine-and-controller-coming-in-2026-steam-os-is-coming-for-your-face-and-tv/,cnet.com,1,solution_or_answer;evidence,supports,news,1609,61,1963,0.0005889,The news report directly confirms Valve's official announcement of the Steam Frame as a new standalone virtual reality headset in December 2025.
google,gemini-2.5-flash,0.3,267,google,gemini-3-pro-preview,Find me the latest details on the Steam Frame,https://en.wikipedia.org/wiki/Steam_Frame,wikipedia.org,6,solution_or_answer;evidence,supports,reference,1540,61,1900,0.00057,"A Wikipedia entry directly provides the specific early 2026 (Q1) release window for the Steam Frame, serving as the basis for this claim."
google,gemini-2.5-flash,0.3,267,google,gemini-3-pro-preview,Find me the latest details on the Steam Frame,https://en.wikipedia.org/wiki/Steam_Deck,wikipedia.org,7,evidence;elaboration,supports,reference,1572,29,2031,0.0006092999999999999,"The Wikipedia article on Steam Deck provides the specific storage variations (256GB and 1TB) expected for the Steam Frame, noting their similarity to the Steam Deck lineup."
google,gemini-2.5-flash,0.3,267,google,gemini-3-pro-preview,Find me the latest details on the Steam Frame,https://www.techradar.com/tech/steam-frame-official-7-things-you-need-to-know-about-valves-quest-3-rival,techradar.com,2,elaboration;evidence,supports,news,1561,29,2052,0.0006156,A news report confirms that an OLED model for the Steam Frame has not been announced.
google,gemini-2.5-flash,0.3,267,google,gemini-3-pro-preview,Find me the latest details on the Steam Frame,https://www.ign.com/articles/valve-heads-into-vr-headset-hardware-once-again-with-steam-frame-the-big-interview,ign.com,5,background;elaboration,supports,news,1573,29,1946,0.0005838,"A news report provides background, stating that Valve announced the Steam Frame as part of a broader hardware push, supporting the model's claim."
google,gemini-2.5-flash,0.3,267,google,gemini-3-pro-preview,Find me the latest details on the Steam Frame,https://twit.tv/posts/tech/steam-frame-steam-machine-and-more-valves-new-hardware,twit.tv,8,evidence;elaboration;background,supports,news,1573,32,2180,0.000654,A news report directly provides the details about the new console-sized Steam Machine and its purpose for the living room.
google,gemini-2.5-flash,0.3,266,google,gemini-3-pro-preview,Find me the latest details on the Steam Frame,https://www.gamespot.com/articles/steam-frame-release-date-price-specs-everything-we-know/1100-6536287/,gamespot.com,1,evidence;solution_or_answer,supports,news,1662,32,1969,0.0005906999999999999,"A news report provides direct evidence that Valve officially announced the Steam Frame in November 2025 as a next-generation, standalone VR headset."
google,gemini-2.5-flash,0.3,266,google,gemini-3-pro-preview,Find me the latest details on the Steam Frame,https://www.uploadvr.com/valve-steam-frame-official-announcement-features-details/,uploadvr.com,2,elaboration;solution_or_answer,supports,news,1650,62,2218,0.0006654,"A news report directly states that the device is designed as a ""streaming-first"" headset with standalone capabilities, serving as a successor to the Valve Index."
google,gemini-2.5-flash,0.3,266,google,gemini-3-pro-preview,Find me the latest details on the Steam Frame,https://www.escapistmagazine.com/steam-frame-release/,escapistmagazine.com,6,speculation_or_rumour;elaboration,supports,news,1683,35,2092,0.0006276000000000001,"A news report provides the analyst estimate for the Steam Frame's price, suggesting it will range from $500-$600 to compete with other headsets."
google,gemini-2.5-flash,0.3,266,google,gemini-3-pro-preview,Find me the latest details on the Steam Frame,https://en.wikipedia.org/wiki/Steam_Frame,wikipedia.org,3,evidence,supports,reference,1618,25,2177,0.0006531,A Wikipedia entry provides the specific detail that the Steam Frame will feature a Qualcomm Snapdragon 8 Gen 3 processor.
google,gemini-2.5-flash,0.3,266,google,gemini-3-pro-preview,Find me the latest details on the Steam Frame,https://store.steampowered.com/sale/steamframe,steampowered.com,7,evidence,supports,official,1645,25,1957,0.0005871,"An official product page directly provides the specifications for the Steam Frame's display, including its dual LCD panels and pancake lenses."
google,gemini-2.5-flash,0.3,266,google,gemini-3-pro-preview,Find me the latest details on the Steam Frame,https://vr-compare.com/headset/steamframe,vr-compare.com,9,evidence,supports,reference,1606,52,1908,0.0005723999999999999,"A VR comparison website provides the specific field of view measurement of approximately 110 degrees for the Steam Frame, directly supporting the claim."
google,gemini-2.5-flash,0.3,266,google,gemini-3-pro-preview,Find me the latest details on the Steam Frame,https://www.cnet.com/tech/gaming/i-tried-valves-steam-frame-machine-and-controller-coming-in-2026-steam-os-is-coming-for-your-face-and-tv/,cnet.com,8,evidence,supports,news,1675,25,1994,0.0005981999999999999,"A news report confirms that the Steam Frame will feature black-and-white pass-through cameras for seeing surroundings, not full-color mixed reality."
google,gemini-2.5-flash,0.3,266,google,gemini-3-pro-preview,Find me the latest details on the Steam Frame,https://www.tomsguide.com/computing/vr-ar/confirmed-steam-frame-will-lack-this-apple-vision-pro-and-meta-quest-feature-at-launch-valve-says-its-on-our-list,tomsguide.com,10,limitation_or_risk,supports,news,1723,30,2253,0.0006759,"A news report confirms that the Steam Frame will not support stereoscopic 3D rendering for 2D content at launch, but Valve has it ""on their list"" for future updates."
google,gemini-2.5-flash,0.3,266,google,gemini-3-pro-preview,Find me the latest details on the Steam Frame,https://www.pcgamer.com/hardware/vr-hardware/steam-frame-specs-availability/,pcgamer.com,4,elaboration;solution_or_answer,supports,news,1657,33,2204,0.0006611999999999999,A news report confirms that the Steam Frame and Steam Machine are designed for seamless game switching between TV and headset.
google,gemini-2.5-flash,0.3,265,google,gemini-3-pro-preview,Find me the latest details on the Steam Frame,https://www.pcgamer.com/hardware/vr-hardware/steam-frame-specs-availability/,pcgamer.com,1,solution_or_answer;evidence,supports,news,1673,32,2162,0.0006486,"The news report directly confirms Valve's official announcement of the Steam Frame, a new standalone VR headset designed to succeed the Valve Index."
google,gemini-2.5-flash,0.3,265,google,gemini-3-pro-preview,Find me the latest details on the Steam Frame,https://en.wikipedia.org/wiki/Steam_Frame,wikipedia.org,4,evidence;solution_or_answer,supports,reference,1624,61,1903,0.0005708999999999999,"The encyclopedia entry directly provides the release window for the Steam Frame, confirming it is set for early 2026 (Q1)."
google,gemini-2.5-flash,0.3,265,google,gemini-3-pro-preview,Find me the latest details on the Steam Frame,https://www.escapistmagazine.com/steam-frame-release/,escapistmagazine.com,6,speculation_or_rumour,supports,news,1645,31,1975,0.0005925,A news report provides the basis for the speculation that the Steam Frame might ship in February 2026.
google,gemini-2.5-flash,0.3,265,google,gemini-3-pro-preview,Find me the latest details on the Steam Frame,https://store.steampowered.com/sale/steamframe,steampowered.com,8,evidence,supports,official,1637,52,1957,0.0005871,Official documentation directly provides the specific display resolution and panel type for the Steam Frame headset.
google,gemini-2.5-flash,0.3,265,google,gemini-3-pro-preview,Find me the latest details on the Steam Frame,https://www.youtube.com/watch?v=vBhYlgYY4Kk,youtube.com,9,evidence;elaboration,supports,news,1627,29,2640,0.000792,"A news report directly confirms the Steam Frame includes eye tracking for foveated rendering, providing evidence for this hardware specification."
google,gemini-2.5-flash,0.3,265,google,gemini-3-pro-preview,Find me the latest details on the Steam Frame,https://www.reddit.com/r/Steam/comments/1ovc7id/introducing_steam_frame/,reddit.com,11,solution_or_answer;evidence,supports,community,1634,32,1946,0.0005838,A community discussion confirms that the Steam Frame operates as a standalone device running SteamOS on ARM architecture.
google,gemini-2.5-flash,0.3,265,google,gemini-3-pro-preview,Find me the latest details on the Steam Frame,https://www.tomsguide.com/computing/vr-ar/confirmed-steam-frame-will-lack-this-apple-vision-pro-and-meta-quest-feature-at-launch-valve-says-its-on-our-list,tomsguide.com,12,evidence;elaboration,supports,news,1767,29,2198,0.0006594,"The news report confirms the Steam Frame will not support stereoscopic 3D for 2D content at launch, but notes Valve plans to add it later."
google,gemini-2.5-flash,0.3,264,google,gemini-3-pro-preview,Find me the latest details on the Steam Frame,https://en.wikipedia.org/wiki/Steam_Frame,wikipedia.org,1,solution_or_answer;elaboration,supports,reference,1572,33,1850,0.000555,"A Wikipedia entry directly defines the Steam Frame as a standalone, wireless VR headset running SteamOS, providing the core description for the claim."
google,gemini-2.5-flash,0.3,264,google,gemini-3-pro-preview,Find me the latest details on the Steam Frame,https://www.youtube.com/watch?v=X_QLKI25SGk,youtube.com,3,elaboration;solution_or_answer,supports,official,1581,62,2598,0.0007794,"An official announcement confirms the Steam Frame is the successor to the Valve Index, previously known by its rumored codename ""Deckard""."
google,gemini-2.5-flash,0.3,264,google,gemini-3-pro-preview,Find me the latest details on the Steam Frame,https://www.pcgamer.com/hardware/vr-hardware/steam-frame-specs-availability/,pcgamer.com,2,elaboration;solution_or_answer,supports,news,1651,33,2083,0.0006249,"A news report confirms the Steam Frame's marketing as a ""streaming-first"" device capable of playing the entire Steam library, including both VR and flat games on a virtual screen."
google,gemini-2.5-flash,0.3,264,google,gemini-3-pro-preview,Find me the latest details on the Steam Frame,https://www.ign.com/articles/valve-announces-steam-frame-its-next-gen-vr-headset,ign.com,7,evidence;cause_or_reason,supports,news,1602,61,2216,0.0006648,"A news report provides evidence that the dedicated 6GHz USB wireless adapter creates a direct, low-latency link for streaming high-fidelity VR games."
google,gemini-2.5-flash,0.3,264,google,gemini-3-pro-preview,Find me the latest details on the Steam Frame,https://www.techradar.com/tech/steam-frame-official-7-things-you-need-to-know-about-valves-quest-3-rival,techradar.com,8,elaboration;evidence,supports,news,1641,29,2043,0.0006129,"A news report provides evidence and elaborates on the foveated streaming feature, explaining how it uses eye-tracking to optimize video resolution and save bandwidth."
google,gemini-2.5-flash,0.3,264,google,gemini-3-pro-preview,Find me the latest details on the Steam Frame,https://www.tomshardware.com/peripherals/gaming-headsets/hands-on-with-valves-new-steam-frame-headset-arm-powered-mixed-mode-device-uses-new-fex-translation-layer-for-traditional-x86-games,tomshardware.com,6,elaboration;enablement,supports,news,1643,30,2165,0.0006495,"A news report confirms that the Steam Frame's microSD card slot is interoperable with the Steam Deck, allowing immediate access to an installed library."
google,gemini-2.5-flash,0.3,264,google,gemini-3-pro-preview,Find me the latest details on the Steam Frame,https://store.steampowered.com/sale/steamframe,steampowered.com,5,evidence;elaboration,supports,official,1597,29,2037,0.0006111000000000001,"Official documentation directly provides the specific details regarding the Steam Frame's inside-out tracking system, including its cameras and low-light capabilities."
google,gemini-2.5-flash,0.3,264,google,gemini-3-pro-preview,Find me the latest details on the Steam Frame,https://www.tomsguide.com/computing/vr-ar/confirmed-steam-frame-will-lack-this-apple-vision-pro-and-meta-quest-feature-at-launch-valve-says-its-on-our-list,tomsguide.com,10,limitation_or_risk,supports,news,1713,30,2082,0.0006246,"A news report confirms that the Steam Frame will not support stereoscopic 3D for 2D games at launch, though Valve plans to add it later."
google,gemini-2.5-flash,0.3,263,google,gemini-3-pro-preview,Find me the latest details on the Steam Frame,https://www.techradar.com/tech/steam-frame-official-7-things-you-need-to-know-about-valves-quest-3-rival,techradar.com,1,solution_or_answer;evidence,supports,news,1465,32,1890,0.000567,"A news report directly confirms that the Steam Frame is Valve's newly announced standalone VR headset, officially revealed on November 12, 2025."
google,gemini-2.5-flash,0.3,263,google,gemini-3-pro-preview,Find me the latest details on the Steam Frame,https://www.gamespot.com/articles/steam-frame-release-date-price-specs-everything-we-know/1100-6536287/,gamespot.com,4,solution_or_answer;evidence,supports,news,1464,32,1836,0.0005507999999999999,This gaming news report directly states the Steam Frame's anticipated Q1 2026 release window.
google,gemini-2.5-flash,0.3,263,google,gemini-3-pro-preview,Find me the latest details on the Steam Frame,https://www.reddit.com/r/virtualreality/comments/1ovdwx8/valve_rejoins_the_vr_hardware_wars_with/,reddit.com,5,evidence;elaboration,supports,community,1463,29,1897,0.0005691,A community discussion provides the specific details regarding the Steam Frame's two storage options and its expandable microSD capability.
google,gemini-2.5-flash,0.3,263,google,gemini-3-pro-preview,Find me the latest details on the Steam Frame,https://en.wikipedia.org/wiki/Steam_Frame,wikipedia.org,6,evidence,supports,reference,1426,25,1742,0.0005226,"The encyclopedia entry provides direct evidence for the Steam Frame's processor, specifying it as the Qualcomm Snapdragon 8 Gen 3."
google,gemini-2.5-flash,0.3,263,google,gemini-3-pro-preview,Find me the latest details on the Steam Frame,https://store.steampowered.com/sale/steamframe,steampowered.com,9,evidence,supports,official,1431,25,1871,0.0005612999999999999,The official website directly states that the Steam Frame features dual LCD panels with 2160 x 2160 resolution per eye.
google,gemini-2.5-flash,0.3,263,google,gemini-3-pro-preview,Find me the latest details on the Steam Frame,https://www.pcgamer.com/hardware/valve-announces-steam-machine-frame-controller/,pcgamer.com,10,evidence,supports,news,1441,25,2063,0.0006189,"A news report provides direct evidence for the Steam Frame's optical specifications, detailing its custom pancake lenses and 110-degree field of view."
google,gemini-2.5-flash,0.3,263,google,gemini-3-pro-preview,Find me the latest details on the Steam Frame,https://www.ign.com/articles/steam-frame-preview-hands-on-with-valves-state-of-the-art-vr-headset,ign.com,7,evidence,supports,news,1460,25,2123,0.0006369,"A news report provides direct evidence for the Steam Frame's supported refresh rates, including 72Hz, 120Hz, and an experimental 144Hz mode."
google,gemini-2.5-flash,0.3,263,google,gemini-3-pro-preview,Find me the latest details on the Steam Frame,https://www.cnet.com/tech/gaming/i-tried-valves-steam-frame-machine-and-controller-coming-in-2026-steam-os-is-coming-for-your-face-and-tv/,cnet.com,11,elaboration,supports,news,1472,26,2122,0.0006366,"A news report confirms the Steam Frame's announcement alongside two other complementary devices, detailing its broader ecosystem."
google,gemini-2.5-flash,0.3,262,openai,gpt-5.1,Find me the latest details on the Steam Frame,https://arstechnica.com/gaming/2025/11/valve-rejoins-the-vr-hardware-wars-with-standalone-steam-frame/?utm_source=openai,Valve rejoins the VR hardware wars with standalone Steam Frame - Ars Technica,3,elaboration,supports,news,3678,26,4005,0.0012015,A news report confirms the Steam Frame's wireless PC VR streaming capability and notes no tethered cable mode has been announced.
google,gemini-2.5-flash,0.3,262,openai,gpt-5.1,Find me the latest details on the Steam Frame,https://steamdb.info/blog/steam-hardware-2025/?utm_source=openai,"Valve announces three new Steam Hardware devices: Steam Machine, Steam Frame, and Steam Controller · SteamDB",4,evidence,supports,news;community,3618,28,5065,0.0015195,"A community news report provides evidence for the Steam Frame's official announcement date of November 12, 2025, and the other hardware revealed simultaneously."
google,gemini-2.5-flash,0.3,262,openai,gpt-5.1,Find me the latest details on the Steam Frame,https://gigazine.net/gsc_news/en/20251113-valve-steam-machine-controller-frame/?utm_source=openai,"Valve announces SteamOS gaming PC 'Steam Machine,' standalone VR device 'Steam Frame,' and game controller 'Steam Controller' - GIGAZINE",8,evidence;limitation_or_risk,supports,news,3672,33,4012,0.0012036,"A news report confirms that the Steam Frame will only feature monochrome passthrough at launch, indicating a limitation in its initial mixed reality capabilities."
google,gemini-2.5-flash,0.3,262,openai,gpt-5.1,Find me the latest details on the Steam Frame,https://en.wikipedia.org/wiki/Steam_Frame?utm_source=openai,Steam Frame,2,elaboration;evidence,supports,reference,3590,29,4121,0.0012362999999999999,"The Wikipedia article provides details on the Steam Frame's software stack, including SteamOS, Proton, FEX-Emu, and Lepton, and supports its positioning as a new way to play the Steam library."
google,gemini-2.5-flash,0.3,262,openai,gpt-5.1,Find me the latest details on the Steam Frame,https://www.tomsguide.com/computing/vr-ar/confirmed-steam-frame-will-lack-this-apple-vision-pro-and-meta-quest-feature-at-launch-valve-says-its-on-our-list?utm_source=openai,Confirmed: Steam Frame will lack this Apple Vision Pro and Meta Quest feature at launch - Valve says it's 'on our list',1,limitation_or_risk;evidence,supports,news,3748,42,4089,0.0012267,"A news report confirms the Steam Frame's initial lack of stereoscopic 3D rendering, citing Valve's statement that it's 'on our list' for future development."
google,gemini-2.5-flash,0.3,262,openai,gpt-5.1,Find me the latest details on the Steam Frame,https://www.gamesradar.com/hardware/vr/valve-deckard-has-been-officially-revealed-as-the-steam-frame-and-it-looks-like-a-combination-of-psvr-2-and-the-meta-quest-3s-best-features/?utm_source=openai,"Valve Deckard has been officially revealed as the Steam Frame, and it looks like a combination of PSVR 2 and the Meta Quest 3's best features",10,elaboration,supports,news,3788,26,4131,0.0012393,A news report elaborates on the Steam Frame's competitive positioning by comparing its features to other major VR headsets like the PSVR 2 and Meta Quest 3.
google,gemini-2.5-flash,0.3,261,openai,gpt-5.1,Find me the latest details on the Steam Frame,https://en.wikipedia.org/wiki/Steam_Frame?utm_source=openai,Steam Frame,3,elaboration;evidence,supports,reference,2121,58,2573,0.0007719,A Wikipedia article provides evidence that the Steam Frame's price is unannounced but Valve has indicated it will be cheaper than the Index.
google,gemini-2.5-flash,0.3,261,openai,gpt-5.1,Find me the latest details on the Steam Frame,https://www.theverge.com/news/817967/valve-index-vr-headset-stopped-manufacturing-frame?utm_source=openai,Valve has stopped manufacturing its Index VR headset,2,evidence,supports,news,2219,52,2686,0.0008058,"A news report directly provides the specific display specifications, including panel type, resolution, and refresh rates, for the Steam Frame."
google,gemini-2.5-flash,0.3,261,openai,gpt-5.1,Find me the latest details on the Steam Frame,https://www.windowscentral.com/hardware/virtual-reality/valve-announce-steam-frame-snapdragon-xr-headset-steam-os-arm-support?utm_source=openai,Valve lays the foundations for an Arm-based gaming handheld future with first Snapdragon-powered SteamOS VR headset | Windows Central,9,evidence;elaboration,supports,news,2243,29,3345,0.0010035,"A news report provides specific details on the Steam Frame's weight with its strap and facial interface, as well as its rear battery capacity."
google,gemini-2.5-flash,0.3,261,openai,gpt-5.1,Find me the latest details on the Steam Frame,https://economictimes.indiatimes.com/news/international/us/valve-launches-the-steam-frame-steam-machine-and-steam-controller-building-a-new-gaming-ecosystem-here-are-the-key-specs-of-the-new-launches/articleshow/125282254.cms?utm_source=openai,"steam machine gaming: Valve launches the Steam Frame, Steam Machine, and Steam Controller — building a new gaming ecosystem- here are the key specs of the new launches - The Economic Times",7,evidence;elaboration;solution_or_answer,supports,news,2332,36,2787,0.0008361,"A news report provides details on the Steam Frame controllers, stating they use AA batteries and offer approximately 40 hours of battery life."
google,gemini-2.5-flash,0.3,261,openai,gpt-5.1,Find me the latest details on the Steam Frame,https://www.digitaltrends.com/gaming/valves-steam-frame-is-an-all-in-one-headset-for-vr-pc-games-and-streaming/?utm_source=openai,"Valve’s Steam Frame is an all-in one headset for VR, PC games, and streaming - Digital Trends",6,elaboration;solution_or_answer,supports,news,2196,62,2913,0.0008738999999999999,A news report confirms Valve's intention for Android and VR apps to share a unified interface on the Steam Frame headset.
google,gemini-2.5-flash,0.3,261,openai,gpt-5.1,Find me the latest details on the Steam Frame,https://www.androidcentral.com/gaming/virtual-reality/steam-frame-steam-deck-meta-quest-3?utm_source=openai,"Valve's new Meta Quest rival completes the hybrid gaming vision the company began with the launch of the Steam Deck, even allowing you to sideload Android apps for added versatility. But how does it compare to the Quest 3?",5,elaboration;background;solution_or_answer,supports,news;review,2224,48,2770,0.000831,"This news report provides a comprehensive overview of the Steam Frame's features, positioning, and comparison to rivals, supporting the detailed information presented."
google,gemini-2.5-flash,0.3,261,openai,gpt-5.1,Find me the latest details on the Steam Frame,https://www.pcquest.com/news-launches/valve-ignites-the-future-of-play-with-the-steam-frame-and-next-gen-steam-machine-10652867?utm_source=openai,Valve’s Steam Frame and Steam Machine Set a New Gaming Standard,12,evidence;elaboration;solution_or_answer,supports,news,2267,67,3895,0.0011685,"A news report offers the latest details on Valve's Steam Frame and its companion Steam Machine, supporting the information provided."
google,gemini-2.5-flash,0.3,261,openai,gpt-5.1,Find me the latest details on the Steam Frame,https://www.pcgamer.com/hardware/valve-recommends-sharing-your-game-library-on-sd-card-between-steam-deck-steam-frame-and-steam-machine/?utm_source=openai,"Valve recommends sharing your game library on microSD card between Steam Deck, Steam Frame, and Steam Machine: 'They're fully interoperable, just bring it along with you'",4,evidence;elaboration,supports,news,2267,29,2810,0.000843,"A news report provides evidence that Valve recommends sharing game libraries via microSD cards between the Steam Deck, Steam Frame, and Steam Machine."
google,gemini-2.5-flash,0.3,261,openai,gpt-5.1,Find me the latest details on the Steam Frame,https://www.tomsguide.com/computing/vr-ar/confirmed-steam-frame-will-lack-this-apple-vision-pro-and-meta-quest-feature-at-launch-valve-says-its-on-our-list?utm_source=openai,Confirmed: Steam Frame will lack this Apple Vision Pro and Meta Quest feature at launch - Valve says it's 'on our list',1,limitation_or_risk;elaboration,supports,news,2295,63,2811,0.0008433,"This news report confirms that advanced features like stereoscopic 3D for 2D content conversion are not available at launch, but Valve has them ""on our list""."
google,gemini-2.5-flash,0.3,260,openai,gpt-5.1,Find me the latest details on the Steam Frame,https://arstechnica.com/gaming/2025/11/valve-rejoins-the-vr-hardware-wars-with-standalone-steam-frame/?utm_source=openai,Valve rejoins the VR hardware wars with standalone Steam Frame - Ars Technica,2,elaboration;solution_or_answer,supports,news,2215,33,2778,0.0008334,A news report details the Steam Frame's positioning as a spiritual successor to the Valve Index and a component of a new SteamOS hardware lineup.
google,gemini-2.5-flash,0.3,260,openai,gpt-5.1,Find me the latest details on the Steam Frame,https://steamdb.info/blog/steam-hardware-2025/?utm_source=openai,"Valve announces three new Steam Hardware devices: Steam Machine, Steam Frame, and Steam Controller · SteamDB",6,solution_or_answer;speculation_or_rumour,supports,blog,2192,67,3109,0.0009327,"A blog post reports Valve's statement that the Steam Frame will be cheaper than the $999 Index, with most coverage expecting a sub-$1,000 price."
google,gemini-2.5-flash,0.3,260,openai,gpt-5.1,Find me the latest details on the Steam Frame,https://en.wikipedia.org/wiki/Steam_Frame?utm_source=openai,Steam Frame,8,evidence;solution_or_answer,supports,reference,2185,61,2543,0.0007629,"The Wikipedia article provides specific technical details regarding the Steam Frame's display resolution and refresh rates, serving as direct evidence for the claim."
google,gemini-2.5-flash,0.3,260,openai,gpt-5.1,Find me the latest details on the Steam Frame,https://www.theverge.com/news/817967/valve-index-vr-headset-stopped-manufacturing-frame?utm_source=openai,Valve has stopped manufacturing its Index VR headset,3,evidence;elaboration,supports,news,2215,58,2612,0.0007836000000000001,"A news report provides the specific total weight of the Steam Frame, including its components, and notes that it is lighter than the Quest 3."
google,gemini-2.5-flash,0.3,260,openai,gpt-5.1,Find me the latest details on the Steam Frame,https://www.windowscentral.com/hardware/virtual-reality/valve-announce-steam-frame-snapdragon-xr-headset-steam-os-arm-support?utm_source=openai,Valve lays the foundations for an Arm-based gaming handheld future with first Snapdragon-powered SteamOS VR headset | Windows Central,12,evidence;elaboration,supports,news,2253,29,2660,0.000798,"A news report provides details on the Steam Frame controllers, including haptics, capacitive sensing, AA battery power, and an estimated 40-hour battery life."
google,gemini-2.5-flash,0.3,260,openai,gpt-5.1,Find me the latest details on the Steam Frame,https://www.pcgamer.com/hardware/valve-recommends-sharing-your-game-library-on-sd-card-between-steam-deck-steam-frame-and-steam-machine/?utm_source=openai,"Valve recommends sharing your game library on microSD card between Steam Deck, Steam Frame, and Steam Machine: 'They're fully interoperable, just bring it along with you'",4,evidence,supports,news,2280,34,4550,0.001365,"A news report provides evidence that Valve recommends sharing game libraries via microSD cards across Steam Deck, Steam Frame, and Steam Machine for full interoperability."
google,gemini-2.5-flash,0.3,260,openai,gpt-5.1,Find me the latest details on the Steam Frame,https://www.androidcentral.com/gaming/virtual-reality/steam-frame-steam-deck-meta-quest-3?utm_source=openai,"Valve's new Meta Quest rival completes the hybrid gaming vision the company began with the launch of the Steam Deck, even allowing you to sideload Android apps for added versatility. But how does it compare to the Quest 3?",5,evidence,supports,news,2253,25,2631,0.0007892999999999999,A news report provides evidence that the Steam Frame will support sideloading Android apps through a compatibility layer.
google,gemini-2.5-flash,0.3,260,openai,gpt-5.1,Find me the latest details on the Steam Frame,https://www.tomsguide.com/computing/vr-ar/confirmed-steam-frame-will-lack-this-apple-vision-pro-and-meta-quest-feature-at-launch-valve-says-its-on-our-list?utm_source=openai,Confirmed: Steam Frame will lack this Apple Vision Pro and Meta Quest feature at launch - Valve says it's 'on our list',1,limitation_or_risk,supports,news,2324,30,2719,0.0008156999999999999,"A news report confirms that automatic 2D-to-3D conversion for flat games will not be available at launch, despite being on Valve's future plans."
google,gemini-2.5-flash,0.3,259,anthropic,claude-sonnet-4-5-20250929,Find me the latest details on the Steam Frame,https://en.wikipedia.org/wiki/Steam_Frame,Steam Frame - Wikipedia,2,elaboration;solution_or_answer,supports,reference,1234,33,1581,0.00047429999999999993,"A Wikipedia article directly identifies Steam Frame as an upcoming standalone virtual reality headset developed by Valve Corporation, including its announcement details."
google,gemini-2.5-flash,0.3,259,anthropic,claude-sonnet-4-5-20250929,Find me the latest details on the Steam Frame,https://www.uploadvr.com/valve-steam-frame-official-announcement-features-details/,"Valve Officially Announces Steam Frame, A ""Streaming-First"" Standalone VR Headset",5,solution_or_answer;evidence,supports,news,1248,32,1708,0.0005124,"The news report confirms Valve's official announcement of the Steam Frame, detailing its ""streaming-first"" nature and ""early 2026"" launch."
google,gemini-2.5-flash,0.3,259,anthropic,claude-sonnet-4-5-20250929,Find me the latest details on the Steam Frame,https://www.gamespot.com/articles/steam-frame-release-date-price-specs-everything-we-know/1100-6536287/,"Steam Frame Release Date Window, Possible Price, Specs, And Everything We Know About Valve's Next-Gen VR Headset - GameSpot",7,solution_or_answer;evidence,supports,news,1291,32,1762,0.0005286000000000001,"A news report provides direct evidence that Valve promises an early 2026 launch for the Steam Frame, further clarifying it will be in Q1."
google,gemini-2.5-flash,0.3,259,anthropic,claude-sonnet-4-5-20250929,Find me the latest details on the Steam Frame,https://www.tomsguide.com/computing/vr-ar/confirmed-steam-frame-will-lack-this-apple-vision-pro-and-meta-quest-feature-at-launch-valve-says-its-on-our-list,Confirmed: Steam Frame will lack this Apple Vision Pro and Meta Quest feature at launch — Valve says it's 'on our list' | Tom's Guide,10,limitation_or_risk;evidence,supports,news,1310,33,1784,0.0005351999999999999,"A news report confirms the Steam Frame's current lack of stereoscopic 3D rendering, detailing a limitation of the device at launch."
google,gemini-2.5-flash,0.3,258,google,gemini-3-pro-preview,Find me the latest details on the Steam Frame,https://www.gamespot.com/articles/steam-frame-release-date-price-specs-everything-we-know/1100-6536287/,gamespot.com,1,solution_or_answer;background,supports,news,1526,32,1901,0.0005702999999999999,"A news report confirms the Steam Frame's identity as Valve's new standalone VR headset, citing announcements as of December 11, 2025."
google,gemini-2.5-flash,0.3,258,google,gemini-3-pro-preview,Find me the latest details on the Steam Frame,https://en.wikipedia.org/wiki/Steam_Frame,wikipedia.org,4,evidence;solution_or_answer,supports,reference,1480,32,2049,0.0006146999999999999,"A Wikipedia entry directly states the Steam Frame's release window is scheduled for Q1 2026, providing the specific detail for the claim."
google,gemini-2.5-flash,0.3,258,google,gemini-3-pro-preview,Find me the latest details on the Steam Frame,https://store.steampowered.com/sale/steamframe,steampowered.com,5,evidence,supports,official,1483,52,1842,0.0005526,"The official website directly provides the specific details about the Steam Frame's display specifications, confirming it uses dual 2160 x 2160 LCD panels."
google,gemini-2.5-flash,0.3,258,google,gemini-3-pro-preview,Find me the latest details on the Steam Frame,https://vr-compare.com/headset/steamframe,vr-compare.com,6,evidence,supports,reference,1454,52,1953,0.0005859,A VR comparison website provides the specific detail that the Steam Frame's field of view is approximately 110 degrees.
google,gemini-2.5-flash,0.3,258,google,gemini-3-pro-preview,Find me the latest details on the Steam Frame,https://www.cnet.com/tech/gaming/i-tried-valves-steam-frame-machine-and-controller-coming-in-2026-steam-os-is-coming-for-your-face-and-tv/,cnet.com,3,elaboration,supports,news,1545,53,1929,0.0005786999999999999,"The news report directly supports the claim by detailing the Steam Frame's hybrid design, functioning as both a standalone device and a high-end PC VR streaming headset."
google,gemini-2.5-flash,0.3,258,google,gemini-3-pro-preview,Find me the latest details on the Steam Frame,https://vertexaisearch.cloud.google.com/grounding-api-redirect/AUZIYQFiVFtwOQFJ2tTNWaY_05BTIoPIc62BiusqusAQWofi8QNBSvD0ei9tbwXvVcrQgY0GC1OOGwULpgcQ8RKbtc9FmmbOirqczXSP_VQ4pie1pdb9ykZL3owhaVCGeQBLcHm_8kUUNktl_XkYMTqrhhBPP828922vMiXhlMrrXYA3QYfh16fiXqZzDdAei6uf3ZQQluPvf2WzioKhWvJuoL16j-m-,techradar.com,2,evidence;elaboration,supports,news,1633,58,2261,0.0006783,A news report provides direct evidence that the Steam Frame will feature built-in eye tracking to enable foveated rendering.
google,gemini-2.5-flash,0.3,258,google,gemini-3-pro-preview,Find me the latest details on the Steam Frame,https://www.tomsguide.com/computing/vr-ar/confirmed-steam-frame-will-lack-this-apple-vision-pro-and-meta-quest-feature-at-launch-valve-says-its-on-our-list,tomsguide.com,7,limitation_or_risk;evidence,supports,news,1570,33,2185,0.0006555,"A news report confirms Valve's statement that the Steam Frame will not support stereoscopic 3D for flat games at launch, highlighting a current limitation."
google,gemini-2.5-flash,0.3,257,openai,gpt-5.1,Find me the latest details on the Steam Frame,https://arstechnica.com/gaming/2025/11/valve-rejoins-the-vr-hardware-wars-with-standalone-steam-frame/?utm_source=openai,Valve rejoins the VR hardware wars with standalone Steam Frame - Ars Technica,2,evidence;background;solution_or_answer,supports,news,3146,44,3523,0.0010569,"This news report provides the official announcement details for the Steam Frame, confirming its standalone VR headset nature and early 2026 consumer launch."
google,gemini-2.5-flash,0.3,257,openai,gpt-5.1,Find me the latest details on the Steam Frame,https://cyberockk.com/2025/10/valves-steam-frame-vr-headset-enters-mass-production-leaks-hint-at-late-2025-launch/?utm_source=openai,"Valve's ""Steam Frame"" VR Headset Enters Mass Production, Leaks Hint at Late 2025 Launch",6,evidence,supports,news,3190,52,3976,0.0011928,"A news report provides evidence that mass production of the Steam Frame was gearing up in late 2025 under codename ""Deckard,"" with initial expectations of ~500k units."
google,gemini-2.5-flash,0.3,257,openai,gpt-5.1,Find me the latest details on the Steam Frame,https://steamdb.info/blog/steam-hardware-2025/?utm_source=openai,"Valve announces three new Steam Hardware devices: Steam Machine, Steam Frame, and Steam Controller · SteamDB",4,evidence;elaboration,supports,news;blog,3086,63,4005,0.0012015,"A blog post confirms the Steam Frame was announced alongside two other new Steam hardware devices, all targeting an early 2026 launch."
google,gemini-2.5-flash,0.3,257,openai,gpt-5.1,Find me the latest details on the Steam Frame,https://www.timesofgames.com/news/steam-frame-pc-gaming-arm/?utm_source=openai,"ARM Gaming Is the Future, Thanks to the Steam Frame",3,evidence;elaboration;solution_or_answer,supports,news,3091,67,3902,0.0011706,"A news report confirms that the Steam Frame will run SteamOS natively on ARM, highlighting its role in the future of ARM gaming."
google,gemini-2.5-flash,0.3,257,openai,gpt-5.1,Find me the latest details on the Steam Frame,https://www.tomsguide.com/computing/vr-ar/confirmed-steam-frame-will-lack-this-apple-vision-pro-and-meta-quest-feature-at-launch-valve-says-its-on-our-list?utm_source=openai,Confirmed: Steam Frame will lack this Apple Vision Pro and Meta Quest feature at launch - Valve says it's 'on our list',1,limitation_or_risk,supports,news,3216,57,3592,0.0010776,"A news report confirms that the Steam Frame will not offer stereoscopic 3D conversion for flat media at launch, supporting the claim about this initial limitation."
google,gemini-2.5-flash,0.3,257,openai,gpt-5.1,Find me the latest details on the Steam Frame,https://en.wikipedia.org/wiki/Steam_Frame?utm_source=openai,Steam Frame,5,solution_or_answer;enablement,supports,reference,3058,33,3482,0.0010446,The Wikipedia article provides a reference point for users to find Valve's official Steam Frame page for updates and preorders.
google,gemini-2.5-flash,0.3,256,anthropic,claude-sonnet-4-5-20250929,Find me the latest details on the Steam Frame,https://www.gamespot.com/articles/steam-frame-release-date-price-specs-everything-we-know/1100-6536287/,"Steam Frame Release Date Window, Possible Price, Specs, And Everything We Know About Valve's Next-Gen VR Headset - GameSpot",1,evidence;solution_or_answer,supports,news,1341,41,1709,0.0005126999999999999,A news report provides direct evidence for the Steam Frame's release in Q1 2026.
google,gemini-2.5-flash,0.3,256,anthropic,claude-sonnet-4-5-20250929,Find me the latest details on the Steam Frame,https://www.uploadvr.com/valve-steam-frame-official-announcement-features-details/,"Valve Officially Announces Steam Frame, A ""Streaming-First"" Standalone VR Headset",3,evidence;elaboration,supports,news,1348,29,1791,0.0005373,"A news report provides the specific weight details for the Steam Frame's core frontbox and full system, directly supporting the claim."
google,gemini-2.5-flash,0.3,256,anthropic,claude-sonnet-4-5-20250929,Find me the latest details on the Steam Frame,https://en.wikipedia.org/wiki/Steam_Frame,Steam Frame - Wikipedia,4,evidence;elaboration,supports,reference,1356,29,1688,0.0005064,"The Wikipedia article provides the specific details regarding the VR headset's processor, memory, and storage configurations."
google,gemini-2.5-flash,0.3,256,anthropic,claude-sonnet-4-5-20250929,Find me the latest details on the Steam Frame,https://vr-compare.com/headset/steamframe,Steam Frame: Full Specification - VRcompare,8,evidence;elaboration;solution_or_answer,supports,reference,1340,36,1733,0.0005199,"A VR comparison website provides the technical specifications for the Steam Frame's processor, field of view, display resolution, and refresh rate."
google,gemini-2.5-flash,0.3,256,anthropic,claude-sonnet-4-5-20250929,Find me the latest details on the Steam Frame,https://www.pcgamer.com/hardware/vr-hardware/steam-frame-specs-availability/,Valve announces the Steam Frame: 'a new way to play your entire Steam library' | PC Gamer,2,evidence;elaboration,supports,news,1328,58,1718,0.0005154,A news report directly quotes a Valve designer stating the Steam Frame is intended as a streaming-first headset.
google,gemini-2.5-flash,0.3,256,anthropic,claude-sonnet-4-5-20250929,Find me the latest details on the Steam Frame,https://www.pcguide.com/vr/steam-frame-release-date-specs-price/,"Steam Frame VR headset release date window, specs, and price estimate - PC Guide",9,evidence;solution_or_answer,supports,news,1346,32,1670,0.000501,"A news report confirms the Steam Frame will be cheaper than the Valve Index, citing a VR-focused publication's interview."
